Product ID,Product Name,Division,Sales,Units,Gross_Profit,Cost,Orders,Factory,Gross_Margin_Pct,Profit_per_Unit,Revenue_Contribution_Pct,Profit_Contribution_Pct,Portfolio_Class,Margin_Volatility_Ppt,Cum_Revenue_Pct
CHO-TRI-54000,Wonka Bar - Triple Dazzle Caramel,Chocolate,28485.0,7596,18610.2,9874.8,1677,Wicked Choccy's,65.33333333333333,2.45,20.09047165741207,19.916141211521914,High Sales / High Margin,2.9007785717557725e-15,20.09047165741207
CHO-SCR-58000,Wonka Bar -Scrumdiddlyumptious,Chocolate,27874.8,7743,19357.5,8517.3,1704,Lot's O' Nuts,69.44444444444444,2.5,19.66009757261822,20.715881801487114,High Sales / High Margin,7.105427357601002e-15,39.750569230030294
CHO-MIL-31000,Wonka Bar - Milk Chocolate,Chocolate,26867.75,8267,17443.37,9424.38,1768,Wicked Choccy's,64.92307692307692,2.11,18.949825166699426,18.667430770482046,High Sales / High Margin,9.620794122416925e-15,58.70039439672972
CHO-FUD-51000,Wonka Bar - Fudge Mallows,Chocolate,24890.4,6914,16593.6,8296.8,1527,Lot's O' Nuts,66.66666666666666,2.4,17.555200131355083,17.758029511101977,High Sales / High Margin,1.085371957040555e-14,76.2555945280848
CHO-NUT-13000,Wonka Bar - Nutty Crunch Surprise,Chocolate,23574.95,6755,16819.95,6755.0,1529,Lot's O' Nuts,71.34670487106017,2.49,16.627413192905273,18.00026326265908,High Sales / High Margin,0.0,92.88300772099007
OTH-LIC-15000,Lickable Wallpaper,Other,7860.0,393,3930.0,3930.0,92,Secret Factory,50.0,10.0,5.543658319370156,4.205781504835043,High Sales / Low Margin,0.0,98.42666604036022
OTH-KAZ-38000,Kazookles,Other,1205.75,371,92.75,1113.0,94,The Other Factory,7.6923076923076925,0.25,0.8504155239924384,0.09925858386092881,High Sales / Low Margin,0.0,99.27708156435266
OTH-GUM-21000,Wonka Gum,Other,597.5,478,310.7,286.8,118,Secret Factory,52.0,0.65,0.4214167742778203,0.33250287876647533,High Sales / Low Margin,2.0511601988091347e-15,99.69849833863047
SUG-EVE-47000,Everlasting Gobstopper,Sugar,130.0,13,104.0,26.0,3,Secret Factory,80.0,8.0,0.09168900528220358,0.11129803473354821,Low Sales / High Margin,0.0,99.79018734391268
OTH-FIZ-56000,Fizzy Lifting Drinks,Sugar,78.75,21,47.25,31.5,6,Sugar Shack,60.0,2.25,0.05554237819979641,0.05056569366500148,Low Sales / Low Margin,0.0,99.84572972211248
SUG-HAI-55000,Hair Toffee,Sugar,76.5,17,59.5,17.0,4,The Other Factory,77.77777777777779,3.5,0.05395545310837365,0.06367531794852037,Low Sales / High Margin,0.0,99.89968517522085
SUG-SWE-91000,SweeTARTS,Sugar,61.5,41,28.7,32.8,10,Sugar Shack,46.666666666666664,0.7,0.04337595249888862,0.03071397689281571,Low Sales / Low Margin,0.0,99.94306112771974
SUG-LAF-25000,Laffy Taffy,Sugar,53.73,27,33.480000000000004,20.25,10,Sugar Shack,62.31155778894474,1.2400000000000002,0.03789577118317537,0.035829405796915334,Low Sales / High Margin,0.0,99.98095689890292
SUG-NER-92000,Nerds,Sugar,15.0,10,7.0,8.0,4,Sugar Shack,46.666666666666664,0.7,0.010579500609485029,0.007491213876296515,Low Sales / Low Margin,0.0,99.9915363995124
SUG-FUN-75000,Fun Dip,Sugar,12.0,8,4.8,7.2,3,Sugar Shack,40.0,0.6,0.008463600487588024,0.00513683237231761,Low Sales / Low Margin,0.0,99.99999999999999
