Product ID,Product Name,Division,Factory,Sales,Gross_Profit,Gross_Margin_Pct,Profit_per_Unit
CHO-FUD-51000,Wonka Bar - Fudge Mallows,Chocolate,Lot's O' Nuts,24890.4,16593.6,66.66666666666666,2.4
CHO-MIL-31000,Wonka Bar - Milk Chocolate,Chocolate,Wicked Choccy's,26867.75,17443.37,64.92307692307692,2.11
CHO-NUT-13000,Wonka Bar - Nutty Crunch Surprise,Chocolate,Lot's O' Nuts,23574.95,16819.95,71.34670487106017,2.49
CHO-SCR-58000,Wonka Bar -Scrumdiddlyumptious,Chocolate,Lot's O' Nuts,27874.8,19357.5,69.44444444444444,2.5
CHO-TRI-54000,Wonka Bar - Triple Dazzle Caramel,Chocolate,Wicked Choccy's,28485.0,18610.2,65.33333333333333,2.45
OTH-FIZ-56000,Fizzy Lifting Drinks,Sugar,Sugar Shack,78.75,47.25,60.0,2.25
OTH-GUM-21000,Wonka Gum,Other,Secret Factory,597.5,310.7,52.0,0.65
OTH-KAZ-38000,Kazookles,Other,The Other Factory,1205.75,92.75,7.6923076923076925,0.25
OTH-LIC-15000,Lickable Wallpaper,Other,Secret Factory,7860.0,3930.0,50.0,10.0
SUG-EVE-47000,Everlasting Gobstopper,Sugar,Secret Factory,130.0,104.0,80.0,8.0
SUG-FUN-75000,Fun Dip,Sugar,Sugar Shack,12.0,4.8,40.0,0.6
SUG-HAI-55000,Hair Toffee,Sugar,The Other Factory,76.5,59.5,77.77777777777779,3.5
SUG-LAF-25000,Laffy Taffy,Sugar,Sugar Shack,53.73,33.480000000000004,62.31155778894474,1.2400000000000002
SUG-NER-92000,Nerds,Sugar,Sugar Shack,15.0,7.0,46.666666666666664,0.7
SUG-SWE-91000,SweeTARTS,Sugar,Sugar Shack,61.5,28.7,46.666666666666664,0.7
